,name
0,might be reflectingcould be indicating
1,appears to be representing
2,might be representative of
3,potentially representing
4,appears to be indicating
5,appears to be reflecting
6,potentially represents
7,potentially indicating
8,potentially reflecting
9,might be representing
10,possibly representing
11,potentially represent
12,probably representing
13,potentially indicates
14,appears to represent
15,potentially indicate
16,potentially reflects
17,probably indicating
18,appears to indicate
19,possibly indicating
20,potentially meaning
21,possibly reflecting
22,could certainly be
23,appears to reflect
24,possibly represent
25,possibly indicates
26,may be indicating
27,may be reflecting
28,possibly reflects
29,might represent
30,appears to mean
31,consistent with
32,compatible with
33,could represent
34,might indicate
35,potentially be
36,potentially is
37,could indicate
38,indication of
39,appears to be
40,possibly mean
41,may represent
42,could reflect
43,might reflect
44,suggestion of
45,suggestive of
46,possibly is
47,may reflect
48,possibly be
49,potentially
50,could mean
51,appears to
52,suggestive
53,might mean
54,suggesting
55,compatible
56,suspected
57,potential
58,suspicion
59,indicates
60,suggested
61,may mean
62,might be
63,possibly
64,probably
65,suggests
66,probable
67,possible
68,could be
69,suggest
70,may be
71,might
72,could
73,may
